Channel,Followers gained
97R8L3J0,169888
6UV44QFF,57612
2WKQZUGR,160254
R4DGVX2D,118355
P8YSNIOI,56832
5IL9FI45,131528
NC7JUCJY,73471
XU261DWX,76967
76AHTXRR,50316
KAQ2Q45C,171361
HAIJUCL9,260324
NCFZHHG4,126126
AGV8MTIJ,165558
8X54BWPE,47533
E7634T6S,122874
HFWDCEW4,43947
0RDKF07Z,350813
FTEFFWAQ,39208
XNMSA40S,68682
SVBRIZU0,78918
C1L4P5OR,153340
1JWE7QOC,570570
V6FXFI2H,80754
DJ7O0OV4,93470
WTSJIMO9,55053
RFBSZOYQ,286315
9SIX7I0P,174403
7G85C5ZP,43642
2ZZUCKKO,26894
4RTJDN6Z,42774
OQ0LPR3P,284210
IRKSFU9L,79419
KCR2HJ4E,173456
AC2YM51V,48885
NG3V02W1,47489
VEKSH3FS,53540
LJQYWPA6,49336
J8PZO3OA,28083
C1GFB1XZ,50403
GHAJJ13R,88254
MAOK5SK4,93806
Y1NSXUDK,305124
HH9KFLG0,169456
9AI8J3MA,38985
P23JCLZS,124823
1H0TVC34,33703
OET4SNO6,49562
Y2KCFBHI,40814
T97USKJY,184820
AJ1U0DHD,53683
5TSOTNSV,275606
2NDVUF0M,30040
X8MGXK2E,127537
K5TK8XP1,374055
OTUZH15H,41226
NOF55S7E,149909
VOC5320L,71607
F1UIP7T2,71353
NLKWAR4D,176231
U0SSFWKI,218220
SPZCFM5S,160784
7NDOBA4T,85378
BCDD00YU,46010
9OEDKNVZ,69683
LFWCLKH0,224500
IE1Y1CL2,51656
QA3HHJUX,333292
SIFJXDO0,203479
800TO8XY,38941
NOHAHI0J,109850
U8CO7QC9,40877
WCBVQ6UV,105688
ZX9CG1EO,52625
9TWNKU9G,219921
WHL0TN8I,140634
CBYLVUE7,52270
LJIMJ12V,90496
06MD1LT5,36564
21XY2CPG,139428
HY2LUVDP,291041
P3UAC32R,236739
9C73GBWH,29520
DMTO130O,68315
F4M29S23,66473
3L2HHO1M,50699
5ZBOFS35,209059
R2B43PD3,48278
AWJO66MF,197463
VZ4Z1BQZ,42681
30F3R8PJ,131575
HB366JNS,33984
NY2QW85O,48328
7C3PUO7O,102356
4Z7GFN23,69600
6AP10RKD,43756
RQQENY7K,54522
21UKAC1I,159785
YSCPP8Y9,126979
MGU4X4ZR,126312
L6STERKG,90811
6KHQEEF3,280337
LMDOK7C0,153043
JPAKUEGQ,106881
9FH0FGAN,30869
0A9BQJ08,118416
F49YU62R,88276
I11TS64I,91002
V3JB6HXZ,52601
TY0OM7R9,29898
D6NQQ4Q9,93702
GNQRCYTO,178869
8MM6VLDQ,116480
ZBLBC0KZ,56824
9PS36V1L,42637
HUWXFD1A,187107
6TA70YSS,19090
0Z270718,88274
J1Z0FU5D,183087
RAF0HWF7,37198
BVOJL7R5,185393
JRQPOUEI,132135
392U8SKE,76903
1SY41CBM,58120
0J4LMADN,24619
WXMW8JBG,1055235
T88C7HKS,169697
7QBGKMG2,49082
S31RPC2H,698408
LHVEZIHF,80294
U7TY0IQE,70109
J5CC0RM0,143517
TF78RW7C,84266
HCGUQXUC,177243
6LSJFUCX,59387
99TCWDDY,57958
OFVE8IRF,179717
2FQO36WB,28859
5XN1VMXO,53816
NDDTO13W,68400
R9PURLB3,52785
SK3X7IYG,89106
ATCN7U5R,57530
W6NR9ONF,133030
NEM6VMWX,158024
VNL1VFR5,40329
7LP552IU,165978
TGK8F39M,153138
KEV57RH5,53801
JIM9LSK5,88853
BSDLVO2I,54849
G7G7FV0X,202239
597EVC99,294948
8Z6QC7O0,84147
UDMSE9Y9,171954
4LJ6SDG1,48774
XWW9QM9G,186161
KZEMYOY3,61090
PEDQYBCD,117665
BA9R0NPM,45408
YATJ5E6B,170042
2G54M1QE,57693
5NM8O1UW,151472
QX5T9VB6,54957
P9J2BA2U,73955
NSWGXG2K,126396
LWP1U9XY,90191
CFY1IIEK,490354
WNDJN6UD,42998
WVW8NRAD,64084
QS1HA5F9,82441
1CXVFZQU,29903
U82NWI5C,46824
RLKTAV0A,41379
QKV3BCBI,127269
M97VERXS,47318
WMFWASPW,48166
IWR0JXDM,57835
WQSBO5AC,265800
3HAF2PBT,101303
0KFC5QTP,162707
S0LDDVWC,44010
22RGXCRW,228417
7JRPVB1E,130951
A5FU8N28,45481
UH8FL7SG,38057
W3KWC4FU,177195
BJJMOS3H,43898
ZGNGLLHL,74262
WIOOR3XV,432504
JTLS449J,110759
PU1QP84L,84607
4OIBPLN0,24626
EG7M3EP1,49251
5JILGOO9,109807
G3PORDNE,51891
8Q556ABI,341414
AXQ2XZ45,64561
AP7UE7SZ,30705
PNCBWRE4,138554
7S7Y639P,103793
