Channel,Watch time(Minutes),Stream time(minutes),Peak viewers,Average viewers,Followers,Followers gained,Views gained,Partnered,Mature,Language
2ZR62O53,6196161750,215250,222720,27716,3246298,1734810,93036735,1,0,English
ZJ31SS7Q,6091677300,211845,310998,25610,5310163,1370184,89705964,1,0,English
I31VI9RK,5644590915,515280,387315,10976,1767635,1023779,102611607,1,1,Portuguese
6GP9WLYR,3970318140,517740,300575,7714,3944850,703986,106546942,1,0,English
3DVR0TDD,3671000070,123660,285644,29602,8938903,2068424,78998587,1,0,English
TLLKTNXR,3668799075,82260,263720,42414,1563438,554201,61715781,1,0,English
JK833TIB,3360675195,136275,115633,24181,4074287,1089824,46084211,1,0,English
4HC20DEF,3301867485,147885,68795,18985,508816,425468,670137548,1,0,English
897BWEVW,2928356940,122490,89387,22381,3530767,951730,51349926,1,0,English
QRIFY9U1,2865429915,92880,125408,12377,2607076,1532689,36350662,1,0,English
X97W1HOY,2834436990,108780,142067,25664,5265659,1244341,50119786,1,1,English
X4O05BQ2,2832930285,128490,89170,21739,2666382,199077,50504526,1,0,English
SAPU6TM5,2674646715,80820,639375,20960,4487489,497678,56855694,1,0,English
E1NM7OV4,2588632635,58275,240096,42948,5751354,3820532,58599449,1,0,Spanish
423IB978,2410022550,40575,170115,53986,3983847,3966525,41514854,1,0,Spanish
UMPJGQ3X,2408460990,67740,181600,33514,2911316,1101093,37189666,1,1,German
93053P4K,2329440420,115305,107833,19659,2786162,236169,39334821,1,1,English
9LAS59DS,2186662470,181230,26999,12201,494445,92205,34405975,1,0,Korean
6U5WEZ7E,2055003870,103770,89153,19560,3445134,1325075,46515698,1,0,Portuguese
TDZPYPFP,2029212570,175230,43615,11343,1264808,124242,38718674,1,0,English
LHXWW0WZ,1943299035,153720,34830,12367,434200,137215,19645967,1,0,English
F6EWRR66,1916365860,47325,140557,39848,619382,255088,76225485,1,0,Korean
8RU2QRMK,1845157080,100215,125133,17779,2411995,550678,22672980,1,0,English
PUYCC068,1839882465,73065,97540,23794,4450718,825004,43919410,1,0,English
QMPUBYJY,1811696100,56010,288459,24595,1260160,1082039,25342894,1,1,German
PQU3DO1F,1757406750,54855,538444,28887,3795667,3593081,47094362,1,0,Spanish
Q0BYOO6G,1690237110,135675,123796,12868,1792625,383130,38499423,1,0,Portuguese
E4XR9ETX,1659741015,138300,168112,8481,616168,520342,24029726,1,0,English
F9CU0J4U,1621667925,127815,44976,12869,385250,73602,30610352,1,0,Korean
HC5DZSQG,1619144100,87450,234826,6734,1724316,113469,43345080,1,0,English
TI83JSUX,1546597380,486510,24470,3187,493207,143569,48799554,1,0,French
JSD5NX03,1538511315,141675,81644,10750,2401580,632118,39591707,1,0,French
KT6Q9EQP,1527882945,124680,24892,11220,923448,95776,13505898,1,1,English
04EKCTTD,1517612010,172350,90696,8311,4115083,567795,47295386,1,0,English
K6VWAPK8,1483207890,496950,204491,3020,523758,115965,71583995,1,0,French
QDUL5RSE,1479214575,134760,122552,9396,6726893,1421811,37384058,1,0,English
M12TLZPA,1474742220,83010,106900,16422,1075101,826433,47400543,1,0,Russian
X0ZIB8P1,1470897720,155895,29316,9256,1379123,96793,20034033,1,0,English
X4C0DAGP,1470431925,45660,305119,28830,973727,551345,25924096,1,0,English
5LQGHCS5,1464683175,66675,182869,19495,428284,156721,38774178,1,0,Russian
YHB9R8RZ,1464179820,147660,57431,9728,3135667,1875187,25341820,1,0,English
HVLTYC7T,1461310140,31125,214124,46459,1162746,526244,28313058,1,0,English
4KLHKT4N,1435735725,118995,45843,11717,381918,242369,17836875,0,1,English
6PTTHO2Q,1412913285,57795,173238,22837,1894953,1602088,44178173,1,0,Spanish
1XK1K1ES,1394312895,141285,35833,9117,1008040,450146,35978104,1,0,English
C9QT0UBO,1361024835,164235,144066,8066,746865,370358,32261961,1,1,French
WDC0VWZK,1351758525,37140,171861,36030,934688,307853,28970100,1,0,English
YPFKI4E6,1347412425,103905,70587,10531,1878416,689957,32362117,1,0,English
KJY37IGO,1339344945,193560,44649,6543,470123,340810,14154952,1,0,English
IFKY43KL,1339097490,505080,116547,2635,923689,114948,42403593,1,0,English
6EBW12YL,1330625430,92160,105359,13189,777510,126221,43831479,1,0,Russian
VLCXIU4C,1324519320,100470,66311,12982,2942212,2220765,49441744,1,0,English
81ZJEGZZ,1322448480,33540,206681,36086,1409120,412101,57189129,1,0,English
WURM9U38,1308967860,77955,364816,17020,492954,447601,42952835,1,0,Russian
JJ1AGAEB,1256647110,89760,81926,12996,2035180,1687923,33286370,1,0,English
Y6SNYMF6,1252711830,141135,56449,8683,391726,136943,20882507,1,1,English
5XA3NUIF,1241997345,182310,25482,6681,580794,97615,30550147,1,0,Korean
7544T0MT,1234567245,139920,24286,8479,383892,108832,23037239,1,0,German
FSJJLGZL,1228613130,38370,255542,25918,1011924,325801,33796768,1,0,Portuguese
REX55OQD,1228169940,121455,42079,10053,428073,277529,13890640,1,0,French
HLTHDPHL,1223349555,381735,46710,3180,1478270,447191,26737542,1,0,French
W4S765JM,1197130335,134880,88516,4134,918654,669348,22820310,1,0,English
AV02CQU6,1188645990,141210,21053,8152,778055,72454,12853095,1,0,English
0Y26L3ZA,1186941750,174270,36742,6616,538532,87860,19512632,1,1,English
6KKNVZPG,1184154975,107880,50957,10735,1607134,582089,21254933,1,0,German
P45GP9MH,1172969025,231465,47683,5013,299048,76568,7422911,1,1,English
4P4ILP4G,1149209820,174885,22759,6775,1659108,183911,17820367,1,0,English
063BDV2K,1148114400,117885,85073,9702,1660204,1445590,39439261,1,0,English
RJRI7VYZ,1131509385,215160,26572,5195,303671,128907,21331882,1,0,Japanese
WZTBUAU1,1115650275,90960,233009,12947,587677,158934,51523747,1,0,Spanish
QX7JKBRA,1110952500,184305,16289,5913,424374,57681,11535871,1,1,English
H1UTUDDE,1106781045,109140,33966,10080,1308165,164792,18534278,1,1,English
YKN0TC5Z,1105525440,125550,42230,8546,919026,552959,23472239,1,0,German
3URC7Q28,1088832810,32880,329195,29956,820675,260993,29821162,1,0,English
81S8A1BO,1076179485,137400,45671,7327,2355063,704327,18756705,1,1,English
HK0ACXVN,1052904720,314595,212201,5001,1801697,275934,28759226,1,0,English
7K5SCETG,1052047935,123120,32671,7899,591653,365303,13585178,1,0,English
AS60KHW7,1031011170,82380,135471,11535,1501197,428942,16786627,1,1,English
5SIIAN9K,1029543660,118515,25263,8485,354579,124038,20638084,1,0,Japanese
R8QBIWV2,1023316710,110040,43253,9235,833047,133195,15517436,1,0,English
J1JWQTCJ,1021699920,148425,49379,7134,728097,379973,12449595,1,1,English
AD0FK43X,1017577605,6315,483530,147643,663297,121422,16228039,1,0,English
BD15IY56,1017544335,54645,100330,17860,1216020,192000,16800930,1,0,German
IP8W007A,1016450160,145230,130401,6553,3611359,1118169,26996445,1,0,English
L2XZFKL9,1011013035,84960,262273,10516,880728,240442,31456198,1,1,French
WC8PNHNL,1006608690,95625,29927,10618,614395,108466,27464678,1,0,Russian
G4KVRTGQ,1002681105,163095,66781,5573,672403,136341,60194490,1,0,English
GO9WHW2M,978947160,132615,43397,7112,4520305,489250,18504106,1,0,English
FDD223BI,972961650,93750,36971,10290,773712,197486,23738903,1,0,Russian
7OO70VTA,972317520,154845,16681,6198,694253,66513,17095676,1,1,English
P23IZJMN,964334055,56505,112160,16026,5367605,2085831,45579002,1,0,English
ROFQ19G1,955346835,253395,47638,3652,883706,124020,25815105,1,0,French
O90TWFKA,938816460,114765,17036,8255,523512,101937,16237397,1,0,Russian
5YT2TYSV,905107560,230940,148350,4135,401400,132108,22813009,1,0,English
MVN0LIGB,899215845,118980,17738,7234,2641880,175130,19181711,1,0,English
X4YHBO6X,888938940,189045,29597,4393,471970,216021,24144005,1,0,English
VSUNFGPB,888505170,30240,471281,29612,7744066,833587,30621257,1,0,English
QHNUQQYB,888211260,38655,132224,22070,1549722,1400039,6781403,1,0,Portuguese
T90AOOQZ,884353800,59295,97838,14195,1087377,1052053,37351933,1,0,Russian
51YNXR5E,864157695,138360,27421,6060,1242014,333090,15626904,1,0,English
D218JU25,859718520,85860,107069,9229,425797,363343,19412227,1,0,Portuguese
OL8NBZ87,857951685,116400,71933,7173,427926,367486,17151766,1,0,Korean
75NI9X3H,853324635,92970,115737,8627,346934,243137,28789066,1,0,Russian
9EX0O7JM,853049385,110940,44758,7699,2601858,1108422,14789437,1,0,Spanish
FSQAA39X,850636305,48765,146577,17573,502467,280538,31029241,1,0,English
EF71XH1R,849083325,123780,45631,6039,1204773,946280,12708431,1,0,Spanish
N4CKQX2X,842581305,144510,51854,5333,1258173,517248,24523589,1,0,Portuguese
0NG1PFPQ,827452485,460065,17513,1802,149073,35986,10445269,1,0,French
22LK1O0N,817373955,103095,68813,8264,1293451,547018,18105470,1,0,Portuguese
JRGHFDWP,812538090,6195,457060,126232,541644,108438,12068376,1,0,Russian
4D5FPYBK,812362125,208785,14181,3683,185506,29752,20715640,1,0,Chinese
KGXQFUL2,805163370,24480,254493,33132,1796619,83198,27099682,1,0,English
LR06LGMS,794621265,108720,24923,7180,755116,68557,15548337,1,0,English
7JG84QFI,790021440,108375,74199,6309,784966,723082,7527027,1,0,English
3PGLSA9K,789698115,170010,78741,4410,520519,238257,17102146,1,1,English
8MO14O6C,788421150,199350,96236,3688,248829,244295,8815201,1,0,English
S2OXJYLI,779867430,169515,23555,4642,414951,132125,20334558,1,1,Czech
LKYXP5SN,753808200,25260,113167,24689,501371,315910,21104122,1,0,English
GZDTCHOA,748023225,101670,40497,6743,2138294,558107,14533643,1,0,English
Z9O9PMWK,744620970,118125,26141,6328,859439,763489,15894732,1,1,English
80OA5J7S,728551080,325935,7441,2217,85247,29549,18572922,1,1,Chinese
59F52N3B,726379485,51150,65543,13224,1223076,672978,20881140,1,0,Turkish
R75RPS21,726000045,145755,13080,4922,346566,37883,12800182,1,0,English
5ZEPU45X,722562675,134280,55752,4919,2009972,167704,15136396,1,0,English
4XSCEM6Z,721548885,177885,69009,3836,1080764,495072,23271722,1,0,Italian
76YDFLAT,717096330,129165,43050,4463,1461767,286467,23586902,1,0,Polish
30HJ6PEQ,715644660,109725,35865,6249,675908,57448,32228705,1,1,Russian
U5SYZTSI,711864630,152445,17253,4534,322895,46946,15586820,1,0,Korean
3HS2U47P,704823000,107745,87751,6127,175061,137229,17857171,1,0,English
K09SMFPZ,686456910,126105,45726,5163,426716,189847,20714971,1,0,Spanish
XC5PWPUD,667977780,29775,158972,19260,2149306,875678,21128175,1,0,French
JTK9SC4V,663185955,487005,6075,1361,67472,26937,55639770,1,0,English
WJVO76D0,662502810,65610,102022,11423,829700,276400,23040428,1,0,French
PK9F2HU5,661075170,41175,43877,13154,825727,39065,28719610,1,0,English
S6FSW6U2,661049190,212010,99858,4714,337177,91323,14784068,1,0,English
4OTXYM2Q,656365305,80760,20913,7394,772055,331906,8392545,1,0,English
K9Q0A58R,653181210,187530,33646,3270,817365,29415,13757678,1,0,English
0XNV74CW,652685055,126120,16497,5303,446426,34362,20520762,1,1,Chinese
FFNRR6KQ,650910525,162690,24101,3894,571183,115692,8579344,1,1,English
CB52DBWG,650364705,158850,14177,4100,591500,207575,18626351,1,0,Korean
8B5F6ITD,649761570,145050,14480,4420,423002,249048,14109245,1,1,English
F8H3H8CW,646333065,60795,56790,10626,1128907,389268,25254350,1,0,Russian
F4RLSDLM,644580630,443130,54885,1384,961860,127684,20999649,1,0,English
DABYIE5C,639445965,113415,57254,5332,362297,108498,17248420,1,0,Korean
0SOYEP9Q,628079220,76605,24263,8165,1327059,353576,19915875,1,0,Portuguese
BNJ3NMR9,625892895,446655,16702,1397,121053,120954,13670649,1,1,Chinese
FHOPTZB0,625142130,115650,13945,5216,331632,77979,13181386,1,0,German
BGEMJVXA,622424175,77160,80444,8919,1865296,1061265,19438119,1,0,Spanish
0CDGAYKA,622199835,103335,24727,5856,594239,50345,12089717,1,0,English
J8YYC6WF,620395515,160830,30514,3846,1134153,250201,17922897,1,0,English
RJATTS13,619247415,108450,50103,5512,824676,469017,17854413,1,0,French
56JSIAOP,618755280,100515,17585,5941,374480,42764,18366224,1,0,Chinese
58DAOOID,618067800,235170,13495,2560,1707804,532750,48015117,1,0,English
W2YA3N9F,615472275,181950,7808,3247,421256,65267,7518457,1,0,English
V07ESTND,612617325,73590,75219,3197,457502,450299,12391816,1,0,Russian
GPTN6WDH,612594165,165525,36340,3429,878934,15334,10831070,1,0,English
OYPIVZVE,610609920,95730,30648,6073,514866,322929,6034891,1,0,Italian
D9UAD2E2,601906185,97545,43164,5843,465887,121506,18265409,1,0,Korean
7JQ16RUD,600910875,498765,7940,1196,324765,271487,6544645,1,0,Portuguese
UQVZ2LTT,600882645,130620,70983,4560,565661,221911,14071951,1,0,French
MS1G6X2M,599850495,97830,26221,5948,770535,153803,7831334,1,0,Spanish
5VQWD97R,597275955,121545,12810,4710,274875,90213,9977487,1,0,Korean
GE19PBFD,596368095,167190,26087,3478,2652018,50312,13182700,1,0,English
I58QYEII,595707975,125745,31874,4167,1288969,1035561,15264996,1,0,English
9T6D3PYV,588662010,129660,17317,4403,302633,45957,18161823,1,0,Russian
P5EXYHUT,586925850,344055,33245,1588,535211,73678,8305604,1,0,English
KJHW3486,582401145,175920,11860,3336,134757,74221,7251200,1,1,English
4WBY3HWW,582125625,77385,73861,7438,1852272,566210,25333548,1,1,Turkish
XJXQP1J0,581034300,142890,137531,3199,207484,128050,6176254,1,1,English
OU452A0B,580787955,34350,75491,14423,1739112,1455278,20411553,1,0,English
CI5EDXBH,580541850,41715,189859,13089,1029203,104382,21525216,1,0,Russian
QV99FVDF,578122875,32100,57849,17488,697007,682512,9965787,1,1,Spanish
225WJFK4,577240710,267465,6524,2168,151098,42680,7493491,0,1,English
8XU4VY9S,575998575,157995,10011,3581,220488,78264,13401489,1,0,Polish
IO1IT7G8,575138175,91260,23935,6091,572789,215098,12984472,1,0,Polish
NKKG78PW,569601090,151815,15190,3607,372334,213291,15165872,1,0,English
2TP39G7T,567374295,58545,43422,9583,1372290,486410,17629667,1,1,Turkish
52BWVZAT,566176425,61890,43683,8929,1422862,247212,18410268,1,0,Turkish
ZCDGYGWZ,561997440,134715,25866,3953,293595,66982,13159849,1,0,English
01HZ42KZ,561616335,89745,45741,7083,1278824,403108,12441822,1,1,English
RXT290WM,559915035,183225,64308,2844,659652,649562,12736000,1,0,Spanish
ZDMDZIER,558883590,273660,33624,1941,108623,88671,6626543,0,1,English
FXWAIWQS,558587535,128580,32463,4150,521201,270255,9851921,1,1,English
MF457R22,558170835,238035,11659,2175,1519266,216326,7491995,1,0,English
B2FFMYLZ,556741020,183660,15155,3024,977377,78054,6777975,1,1,English
VWWLKYMW,555637890,140670,15858,4040,165823,95603,9518923,1,0,Korean
XJTOSI79,554249955,68355,46106,7155,505361,425023,20086431,1,0,English
GRRPI6F3,553663800,131580,23408,3875,1076499,281967,13901197,1,0,Portuguese
M775CYE7,553283745,96450,29272,5632,1089830,300545,17980307,1,0,Portuguese
NAP4TATH,550951215,157545,22571,3430,1272899,273926,13683195,1,0,English
EXLEJRLG,549244755,134985,11759,4062,287639,10062,14188002,1,1,Korean
O7OWG34T,548041425,118920,14578,4629,276694,76546,8434367,1,0,Thai
QDPX0K11,545108145,169605,101124,2801,276242,154466,7844435,1,0,English
PPNV6WYE,544706325,126705,12461,4378,331744,19325,20264128,1,0,Chinese
8X30KMEZ,543954570,171195,54477,2779,337972,157424,9290817,1,0,English
QNM07Y8M,540556545,110880,106003,5044,511431,121099,23271913,1,0,Russian
HUD6GB7G,539495145,21300,110800,17689,571210,237069,7827030,1,0,English
PW3F9DSA,536989080,86790,19065,6125,442493,80616,5560969,1,1,English
YJGGWTJS,532969650,50910,73800,9633,308528,141297,9294132,1,0,Korean
X168C75D,530456265,105540,40183,4990,1258713,371005,24222810,1,0,Turkish
6X8F9YMR,526660590,101235,21341,5172,514693,232079,13289271,1,0,Polish
6FLHBD8U,525883695,94575,60346,5368,542580,505089,8508355,1,0,English
DBMA8ASV,525737445,127380,11854,3953,234884,62490,7653194,1,0,English
PVRV3NYK,523057245,79665,41644,5268,1001350,479830,11106951,1,0,English
7RO7QZCM,521568750,100605,16128,4985,95643,23288,44675247,1,0,English
UZLC2URJ,521511525,96315,83666,5767,326118,181232,84500786,1,0,English
PJQFO785,519458565,136515,30702,3756,1024814,315190,12051692,1,0,English
SPFAZMWD,516113670,36555,109148,14509,999480,644684,71159574,1,0,English
MGMEJAQD,516009420,166575,8337,3105,207369,18023,18201933,1,0,Chinese
PVT8V8J9,515812965,192255,12540,2483,570621,159892,11386166,1,0,English
EABIDKF5,510984165,159300,85051,2957,1748928,120782,20688501,1,0,English
JQPFUCR9,510323715,151215,22375,3152,516113,49577,8448691,1,1,English
ZIBSNLE9,509643945,21000,72199,24739,840624,378656,11648873,1,1,English
NH5EOGD0,509052375,135495,12648,3766,505362,470589,8983449,1,0,English
6RPWO3IK,506838930,71355,79976,6789,893010,275270,8661072,1,0,English
M9I9SX11,505333050,128790,12084,3859,169505,51935,10969148,1,0,Korean
BUP7C2M2,501208575,161295,9339,3059,182260,60506,5692219,1,1,English
JVSD8CHM,499421415,64875,110095,6328,503346,46779,13724263,1,0,German
GGGRPU9R,495563580,140595,51268,3507,1701314,425036,11009240,1,1,English
A2U8JC6P,492835710,17115,56325,29414,2716270,750480,26508938,1,0,Korean
M85D3U0I,492733995,27060,89706,18180,2951980,1454481,19515587,1,0,English
UNMCS09R,490230510,95055,16243,5107,489270,144698,13076008,1,0,Korean
DS7UIE7J,487281450,132630,67732,2741,702744,623391,9556065,1,0,English
R9ZLSI3X,483895050,120435,20936,3992,171858,54326,14452008,1,0,Korean
ND2E2PQF,482387190,79995,57813,5032,786983,417899,9640983,1,0,Spanish
055NWZEV,477949200,56280,33075,8407,1363222,657630,14729189,1,0,English
2BLTT4HP,476597370,71655,39961,6627,479900,150486,12959273,1,1,French
D2RJDUOC,473157810,251250,11063,1802,123954,20250,14247514,1,0,German
Y3KX0VLD,472786395,160140,12621,2914,767727,250434,6445996,1,0,English
G7538IK0,472405995,137175,17327,3312,1536757,109795,9570639,1,0,English
65Y7RU83,468792120,130275,13825,3519,328473,59167,17845821,1,1,Russian
BN4JE7NJ,468467130,59925,51244,7554,658658,491663,10630158,1,1,German
L509GLCH,461605275,508965,4148,900,286184,211365,19054606,1,0,Portuguese
J65NR2XT,460519830,156195,20745,2552,267004,47149,16917944,1,0,English
TKBNSGI1,460332570,78945,32758,5621,392024,177673,8610645,1,0,English
6EOVNTNT,459076530,120975,23107,3550,302593,287810,8907366,1,0,English
9FYM6QDU,458883255,32625,65622,15405,276488,132821,5377506,1,0,Korean
JT4JZ6NY,457242510,159825,10845,2825,132642,74094,6606894,1,0,English
7SJEZAJS,453487500,183090,15495,2392,705098,21398,17009119,1,0,English
BDS3J35W,452479680,143730,17228,3131,222046,92067,10569192,1,0,Japanese
5QGY9O02,451910415,132015,15296,3365,430649,46282,12249560,1,0,English
863778E5,449223195,100800,45549,4207,604374,281928,11787544,1,0,German
3RV85UK2,443328990,499575,11191,884,219431,124548,11142208,1,1,Portuguese
TMQFGR0Q,442870530,93480,23813,4591,797244,79514,8695968,1,0,English
F9FFU6TL,440331540,50175,40327,7985,1472104,428800,7844647,1,1,English
EGOSNSU6,438460680,135090,11971,3184,247303,24901,6326808,1,1,English
JGN68KP2,438143850,119085,104568,3088,315637,130944,6321235,1,0,English
MUH45P98,437353350,184845,14610,2348,169973,29861,13001718,1,0,Chinese
GIBFISG0,436243530,137910,10628,3084,180412,49296,13297850,1,1,Chinese
0X91H5VW,434971635,67995,21369,6394,533250,74407,14755893,1,1,Russian
06IVU4GO,433329345,301395,22132,1460,244440,35038,32500708,1,0,English
X3R2OX5X,429213420,63870,24687,6767,455444,130564,8859183,1,0,English
6JAB2AN4,428279160,51180,19194,8405,258402,88247,12225523,1,0,Chinese
FRTGKM29,428267280,59655,93577,6829,1068260,611786,11805401,1,0,French
CGJWM4P2,426325350,163530,19755,2540,252495,86220,7404102,1,1,English
8HOPGD04,425044665,107610,39433,3247,361360,288952,6298662,1,0,English
31IHVMRY,422278350,46800,36933,9306,301033,26768,9798569,1,0,Korean
SHAHXRBF,421436625,58965,18270,7165,703464,200170,14369324,1,0,Turkish
4CRZTEAO,420316860,118410,19688,3414,709343,58604,7906425,1,0,English
607U39SF,419187600,188895,13419,2244,159402,42931,4822422,1,1,English
0IDL8OGS,418413015,72930,74670,5772,680023,211908,13364167,1,0,Spanish
9NC1DEXI,415091820,103170,42135,3977,1166681,724159,7780736,1,0,English
JGX1ILXN,412717875,86265,15405,4731,542991,120906,7575905,1,0,English
ZQ120S05,411900525,69900,54323,5671,476096,138468,6201733,1,0,English
LXKA2N7D,411414600,244560,147514,1751,349054,61032,7424007,1,0,English
EN6MWPBS,411274050,80670,21187,4632,1251182,139443,8151140,1,0,English
YLE8G7TT,410621295,144135,10455,2733,507730,236118,8093220,1,0,German
8UCIJWV0,409985220,228615,14288,1753,270720,36757,9812812,1,0,English
1LHX10RC,408885990,92565,19611,4319,599036,142689,7944645,1,0,English
IERVKR49,408478725,87990,21212,4221,849972,281059,10731565,1,0,Portuguese
85PEOHUV,407829960,163815,15547,2492,142427,26782,4368785,1,1,English
8DKR3J7M,407214675,118335,22496,3352,668807,182123,5999354,1,0,English
TYAD0QSJ,407188275,117555,36519,3203,529814,212042,7967420,1,0,Portuguese
W2N2RJZP,407156655,95160,28779,4193,1028544,55228,7374161,1,1,English
UU6IC5S0,403848390,145035,13421,2791,299033,50231,7743238,1,1,English
VF059RCA,402836460,156135,20284,2326,425072,150470,12693893,1,0,Polish
8R5OA70G,402468465,112545,37469,3410,648084,606080,9957496,1,0,Spanish
RYL2BBBX,401439255,155325,8406,2549,283232,16999,17013239,1,0,Chinese
MGMGNTE2,400822020,123375,34345,3276,787371,36756,10008765,1,0,English
76LLDJFL,400635750,50310,94869,7656,845158,671127,4198232,1,0,Arabic
SUGFWVKE,399746130,135180,15608,2876,149648,73218,7427189,1,1,English
LHVYXII6,398289900,150495,7955,2635,1233300,337821,19024045,1,0,English
EFXBTYMS,390922410,26325,60682,13675,141684,36105,9101692,1,0,Japanese
M4QDN01O,389890800,362970,94083,1061,216558,81658,6933788,1,0,English
ITZK81I2,387717165,84495,39004,4147,576903,122061,11483357,1,0,German
X643S3FJ,385755615,137400,12274,2772,175503,112595,11672019,1,0,English
NF34XD4O,385739280,153105,10316,2523,159763,48388,5464553,1,1,English
49QSJVAC,385176540,197055,9401,1891,309065,87400,7215989,1,0,Korean
B96A00C5,384746505,136095,25387,2431,461534,269311,6207063,1,0,English
RAOT3RXN,380251830,73935,58416,4939,244467,66680,14339774,1,0,English
LKZHIRCA,379971075,111555,41610,3311,1055613,449635,14221498,1,0,English
I247XEYT,379800060,97860,20861,3791,148568,84393,10605782,1,0,French
CKNU0ICY,379682235,155910,21922,2228,504653,156093,5794763,1,0,English
5SSCFEZ7,379633995,188070,19318,1931,658323,183265,11489901,1,0,English
48KBBH8J,379345935,132360,11751,2796,247056,30588,6547592,1,0,English
DX58RAM9,378734925,70725,26274,4826,375749,249186,6981248,1,1,Italian
BDMUBN1S,377312595,176580,21993,2153,1001739,37734,7803917,1,1,English
NHAAWP41,376430955,73815,25340,4991,763886,193266,8969210,1,0,Portuguese
HZH9LMS7,376358805,142830,22141,2717,367223,73551,17822170,1,1,Thai
S26NQW7N,376209315,93615,37023,3969,341549,66811,12351240,1,0,Russian
CNCBOBO1,372767025,171675,4922,2154,276421,13471,5367772,1,1,English
DVP4PQUH,371417130,132945,28917,2650,1476226,115863,8688676,1,1,English
G61WMOBB,369971310,137190,16518,2391,512592,176173,4803076,1,0,English
3MUA8P6B,369166335,12030,169084,28584,3558217,1163448,21509520,1,0,English
EW9Y0J1A,362552205,43350,114234,5123,365714,50355,18694298,1,0,Spanish
2FLW7WF1,361741665,80535,28830,4841,269447,147894,5746209,1,0,French
J3UOGJYE,360858030,518415,5223,696,416018,27024,5973152,1,0,German
1M5DUJXM,360278835,184845,9822,1892,366463,48331,4962556,1,1,English
6916U98C,359273445,336690,5210,1258,166594,65904,4541683,1,1,Portuguese
22754SFS,359095725,159420,8247,2269,179920,67794,10882318,1,0,Japanese
78RSYVF7,357966315,57165,74949,6530,219539,166599,9173781,1,0,English
N23NAG3L,356907810,111165,32577,2311,598579,239491,8203617,1,0,French
2BQQXB8J,356697420,198075,9601,1801,741652,129328,12187175,1,0,Portuguese
ZAFAWWID,355389630,203175,7216,1782,236407,174213,6900666,1,0,English
IB0JPMZS,355091505,111360,23255,3043,242969,196880,13687141,1,0,French
X8ADNLXD,354144315,170220,11495,1953,314170,44982,5500067,1,1,English
FHKNQBSZ,353396640,117720,25314,2717,1717150,145809,9971842,1,0,English
DPIJ128N,353381040,141450,29993,2484,507418,270927,12873339,1,0,Korean
IM58CP0E,353046060,50310,47081,6795,885915,650990,5134322,1,0,French
RR688HU4,352700745,17880,73049,19753,173861,75538,6832561,1,0,Russian
IUDK52B7,351025410,158640,38563,2260,390579,74894,18596656,1,0,Thai
SGJFQ62Z,350120640,215505,7628,1584,103260,20536,8471746,1,0,Korean
0944SK4L,346276365,96000,19328,3563,428179,244442,8920133,1,0,Korean
C11EUVPJ,346171920,126795,11839,2735,572005,45761,6526670,1,1,English
GYT9QS0R,345166455,88035,10349,3889,279922,34803,12888906,1,0,Russian
0I0XXE15,342273825,185715,48810,1696,157620,136490,7245324,1,0,Russian
HVOVCF8H,342162660,98730,20204,3344,598678,254821,16648694,1,0,English
4CSKTZOZ,341874270,91545,15429,3711,259624,90591,5503882,1,0,German
QJPASFRJ,340417455,57870,66706,5695,141026,74586,16290334,1,0,Polish
LFMPRG5C,340095510,100125,23488,3402,241746,111122,4409296,1,1,English
AACQMHR3,338213940,122835,18387,2653,261139,85861,9889442,1,0,German
80DSECMS,338084550,167190,24576,2034,204605,192534,5554989,1,1,French
GUT5Y3EI,335695215,106200,22074,3054,339545,69474,6132895,1,0,English
OF9B7851,335311860,145425,12180,2202,166726,35165,7631326,1,0,Korean
O48IZKNE,333869670,92250,41700,3735,850944,836664,11325781,1,0,English
1Y3G4NAU,333097410,24615,34971,12723,1681884,740732,20277843,1,0,English
AZ0NWPFD,331965075,48945,259210,6210,1093212,795296,10207313,1,0,Spanish
ZHJ26NLJ,331726155,149700,8140,2189,240206,21662,3365340,1,0,English
SU8K3OH9,331308960,55125,27529,5711,786562,256678,10562872,1,0,Russian
4D0E2IT4,330160515,63360,47343,5165,731808,728892,8279834,1,1,English
AF7OZC1H,329448660,137670,7560,2519,85678,66129,9003037,1,1,Russian
GWP3J6UZ,328935150,116520,27956,2761,413458,49713,23682775,1,0,Russian
8SXTZMVM,327697680,400770,4227,785,327645,91352,4620985,1,0,Portuguese
N2C57TM9,327242790,147255,7208,2176,162917,85035,4068823,1,0,English
5BVJO5L5,326488155,122925,16252,2663,164092,45255,6226900,1,0,Korean
EMFYV2F5,325731015,108990,7872,2984,430755,84034,4331397,1,1,English
YACCR20R,325637220,52530,89949,5114,575769,183662,13742820,1,0,English
P27GHCAX,325018110,204975,5967,1516,135687,12731,12070678,1,0,Chinese
LM866KDG,324433515,118005,16153,2652,330060,143256,10000927,1,0,English
SZMXNLYC,323225055,54810,53526,5331,1448018,1145810,8378248,1,0,Spanish
RDSHGA98,322841490,81210,17165,3846,353687,236441,4008897,1,0,Italian
DMX3EYZQ,320121405,135150,103833,1595,182492,131913,4176079,1,0,English
98C8WUVB,319194420,154440,16445,2038,241602,163486,3665065,1,0,English
HVAXFMZL,319051995,56310,31194,5620,895851,318247,5587147,1,1,German
P2NIYX8S,316437645,117795,18844,2668,762778,101135,7091125,1,0,English
ZLT92GLP,316366395,163920,49085,1858,462128,44534,6805829,1,0,English
3DNXGZ3U,316203420,55455,25985,5660,323364,193939,11440074,1,0,Russian
4SJE4VY1,315613800,66315,24521,4496,309322,46911,13030325,1,0,Korean
ODTF5J7Z,315398565,189315,17100,1660,455056,215059,6449741,1,0,French
T4GM6SDJ,314656260,152970,18483,2566,482061,402587,8381945,1,0,Portuguese
Y33GPI3K,313078095,12165,106126,24395,1287954,427684,11286667,1,0,English
91FMBCRV,312898725,70320,18317,4288,555334,92209,12461610,1,1,Russian
G4S6RF7E,311520135,126300,7111,2478,212053,24606,9675073,1,0,Korean
2EP8GADV,311325840,19320,77708,11713,93616,93120,27828448,1,0,English
KO910YCV,311218875,178485,10815,1696,60987,37839,7005761,1,0,English
A8RL8D6G,311093010,104565,12141,2934,204451,34597,4921311,1,1,German
IDPKICG5,309892665,153015,10858,2004,254516,29344,9020762,1,1,Polish
7EONA62H,309559170,82635,9671,3680,200953,23806,10608507,1,0,Chinese
BH2TNWHP,309117315,80955,13108,3893,336181,67040,4202354,1,1,English
5IN4BSN4,307823730,200625,5448,1515,108784,12127,11705657,1,1,Chinese
Q98G8YRL,307331445,55230,54508,5158,248277,71813,13417924,1,0,Russian
M2OBTR1U,307001595,150525,118125,1560,122486,85852,5065635,1,0,English
6QVHHSXZ,306920835,145950,24603,2079,369273,6134,10677522,1,0,English
IG51AS9R,306076605,78315,43859,3838,682899,181914,13548535,1,0,Russian
JH0HXHNX,306010080,72390,14602,4159,388878,172683,7744943,1,1,English
71Y13S60,305967975,157260,37872,1830,864324,260914,8191116,1,0,French
R943UIU1,304599090,19995,128345,12171,1585519,571237,11452750,1,0,Turkish
OU433ZJA,304222200,148335,9248,2072,252184,37681,8585834,1,0,Slovak
DD93JG2Z,303435945,96930,15553,3109,844681,284169,6099521,1,0,Portuguese
F767RZWS,301917225,20370,52584,13364,1389835,166536,7617972,1,0,English
R78FNQ93,301790445,115380,12295,2403,170718,19597,7546887,1,0,Korean
N1U69ZVG,299469345,234330,10836,1243,296481,38195,4900030,1,1,English
KEJN0UT3,299235990,62520,15928,4926,294217,154653,2743587,1,1,Portuguese
KDFXNS7N,298828170,232620,11533,1149,30986,29434,60922719,0,0,Other
75ODCM5T,298811910,102210,13731,2912,260728,97206,10900480,1,0,Spanish
377JEDBO,298693050,86205,12708,3401,542892,13967,4072337,1,0,English
P7I0NCF2,298668465,224295,6453,1254,125803,81131,2208405,1,0,English
QYYGVK6V,295999245,106125,8560,2834,216106,38712,4158704,1,1,English
H9T7P8E8,294868035,107055,18282,2843,267948,251923,5976634,1,0,Portuguese
DW083IKV,294663825,191970,13500,1460,393639,32867,4232938,1,0,English
3OWV6RBS,293952480,129510,30044,2279,526389,214216,3964166,1,0,English
5QFLUE6P,293688270,167895,9665,1756,95477,44040,8120712,1,0,Korean
PAA2YH9C,293583075,521445,24765,562,79099,17200,3313465,1,0,English
GJML3GGE,293014110,164940,20855,1744,828298,254312,12258152,1,0,Portuguese
GQ2THSYG,292881510,35910,145470,9722,1681615,23166,17259602,1,0,English
Q169KRRW,292698660,163095,5916,1796,68907,36715,3476636,1,0,English
XOW01J5K,291144945,80745,28808,3073,884661,687813,11561585,1,0,English
QAYDEW5G,290991045,508140,3467,571,224099,69465,4509671,1,0,English
QXDQZCBH,290499225,100605,7998,2840,255949,54706,10802748,1,0,Korean
IALYF230,290461620,111360,21999,2465,34358,32326,90310969,0,0,Russian
SAGHVIT6,289531305,120435,23432,2375,489623,116554,7920696,1,0,English
EZ0XVM5R,289369785,58695,22845,4281,3000509,282047,13227099,1,0,English
4QXA58EP,289110855,104535,22607,2726,1234662,471456,3836302,1,0,Arabic
Q6Z4KEGI,289103100,76590,40001,3828,289455,67061,12487303,1,0,Korean
OKTLPVQS,288857850,85905,124818,1886,162040,70116,5965543,1,1,English
ZTFMUSRT,288441015,31155,95938,9062,688715,431071,8120275,1,0,Spanish
KJODF14W,287764245,140685,7681,1989,144898,25130,8666012,1,1,Russian
XPBZIZ4X,286839210,121965,15185,2164,167584,31194,5190502,1,0,English
8G3OWF0K,286819950,84330,47282,3073,362062,219868,8050871,1,0,Spanish
GT5ZPGF5,286740930,100470,11694,2795,656860,116753,8955254,1,0,Portuguese
EOYNDBVK,285932205,140220,16193,1983,871405,449727,5185473,1,0,English
SMZFUDAY,284645955,139140,23448,1904,380159,50596,8015709,1,0,English
20HSB82G,284354865,63645,18594,4426,494643,22853,11106574,1,0,Chinese
JSG2NCSJ,283479405,115845,36278,1985,330772,280964,12851602,1,0,English
JPOEWFP0,283398825,92805,18090,2557,386804,375789,5308302,1,0,Spanish
H0ZYO855,282753480,339000,49496,807,203549,60955,9694977,1,0,Portuguese
U5QYOS6K,281533785,84165,28898,3046,411993,152951,8864009,1,1,French
0A47Y7QZ,281365035,513540,20723,543,82299,53724,3524088,1,1,English
MUSCIPPD,280810635,165945,6787,1649,124835,15713,8660860,1,0,Korean
FVL120X7,280798065,116745,7172,2322,152821,40474,2786097,1,1,English
YDFG09T7,280707810,155595,7440,1914,536792,138160,7628946,1,0,Portuguese
ZR60HTIN,280296045,88500,8375,3150,134611,43869,3334788,1,1,English
1YL0WPOQ,280176915,112860,21935,2401,1191987,66665,7582522,1,0,English
M9DHAKQI,279691620,76395,51422,3379,160226,69044,6886631,1,0,English
9S90HP0S,278223765,135030,4439,2045,546052,223147,12048648,1,0,English
84WB1RS9,277695945,20325,38169,9892,1340283,192604,5928269,0,0,English
3125EOHB,276313155,64620,24264,3620,85097,84304,58418224,0,0,English
FZUODB6E,274889760,45045,18826,5858,573657,271355,9284513,1,0,English
FWDZESLV,273964050,12435,85416,22130,401222,21388,7818029,1,0,Chinese
K7L6RPMA,273920670,161235,10929,1601,215413,37690,10626908,1,0,Korean
OB65133H,272813670,91035,29658,2530,334591,305734,5285377,1,0,English
XGQ2B8T8,271815660,120165,319862,2013,159384,157656,9070954,1,1,English
KNST11CR,269877405,140625,11974,1844,537519,67361,10306828,1,0,Russian
CRBX5E1K,269518965,517260,7435,520,31323,2447,1641644,1,0,Chinese
UJBD6C9R,269372580,57495,15921,4773,334594,92752,3411872,1,1,English
DLVRDKVV,269229795,66330,19264,3948,688868,184854,5731570,1,0,German
FMYLB52V,268632360,119895,22448,2196,1433703,23684,16902968,1,0,English
MCOCIAES,266439435,65775,13230,3926,349467,112349,3527460,1,0,English
Z6N7EMRK,265426125,84945,20746,2999,292812,146753,4266359,1,0,English
4WSTUKF7,265229580,189900,4290,1418,125615,22295,5390604,1,0,Korean
1QN8TM5M,262630950,120450,10587,2205,151920,71165,8619663,1,0,Russian
QCE9U62A,262612740,76035,10776,3287,159117,89413,7809170,1,0,Russian
0V7I0WB2,262492530,135240,7943,1906,398634,218848,12690137,1,0,Spanish
YXAML68R,262276575,235920,4074,1110,94751,50725,18709302,0,0,Russian
CTWIHI8Q,262160025,13740,346131,12843,1254031,282680,5405191,1,0,English
UGCRPIJQ,261617925,100050,25500,2331,166007,53212,2955403,1,0,English
DYF1I70G,261610875,97350,22231,2530,306920,39732,6839587,1,0,German
WMYQ5R7H,261252810,113445,11418,2012,342691,269837,7609872,1,0,Portuguese
RYEXZFZ4,260845395,115380,9038,2124,342850,140872,5387428,1,0,English
23NEKZ7A,258011790,147675,28709,1593,284899,97984,6927865,1,0,Hungarian
JJYZRBPY,255820995,118710,11077,2207,416329,45998,5642381,1,0,English
1Y8I49A6,255087615,101085,14637,1692,461081,117274,3858228,1,0,English
1374RWDU,254852265,27480,43882,9301,1194476,1185647,6513197,0,0,Spanish
Z6S7X7LC,254772135,72240,13865,3252,369667,87338,4098475,1,1,English
DM30XPVH,254717640,57510,30067,3748,196635,155555,4540889,1,0,Spanish
FNUYNAH0,254345355,113745,10901,2204,595939,101235,6614948,1,0,English
Y1O4305N,253498875,484455,11457,547,105368,11075,15776556,1,0,French
5JMCP8DY,252452325,76575,11117,3292,362794,86655,5623906,1,0,Korean
YO5EZ72H,252345645,146190,19267,1678,182107,49771,4106827,1,1,English
8VV32O5G,251627985,33030,31525,6883,1651212,734583,9931629,1,0,English
RJZXX3ZS,251497200,30330,55418,8010,689582,669977,7036771,1,0,Spanish
AWYIEIKK,251067885,60495,24315,4087,275174,178705,5676686,1,0,Spanish
XWCZZ1NL,250624350,83205,8377,2882,104526,39906,3406472,1,0,English
HJHGDU78,250297065,64290,17361,3884,431285,158587,1799471,1,0,English
LTR3ECO7,249821475,152370,5227,1615,177741,62122,5979126,1,0,Korean
C3IBY9HM,249488880,109125,17140,2284,449520,146381,11128490,1,0,Russian
CE24JMZQ,249476295,99180,15242,2655,373375,252999,6950267,1,1,Portuguese
VEXP6I5E,247862850,156975,10350,1524,171871,112723,3080537,1,1,English
Y1EF4EUN,247730100,104520,16370,2217,978645,332303,11041262,1,1,Turkish
OUQHRCU8,247613265,517980,1803,476,173196,36103,2117741,0,0,English
KXGMS8GZ,247535550,101595,29397,2336,131966,92477,4228405,1,0,English
OC973T56,247481385,65025,49791,3599,722041,256660,9947455,1,0,German
EY0G8DRU,246974370,124830,6763,1808,177595,13410,2533119,1,0,English
IOILN05V,246761880,107805,7318,2249,835787,195140,5353692,1,0,English
W648M2AD,246712590,47100,60386,4021,323856,98848,5855733,1,0,Portuguese
EF03RGRN,246342825,128430,7099,1838,89608,30354,5658271,1,0,Russian
4VX87SIS,245934495,165135,8709,1297,559647,102990,5923710,1,0,English
SNO9OO5M,245399790,24945,35011,9086,609723,284967,5176805,1,0,English
PLFEPLW9,244854375,64590,16362,3502,1751290,185952,9377658,1,0,English
FRWA4LFK,244635645,90585,9118,2526,196136,139939,3551440,1,0,English
SVC9HOKX,244502235,145755,16550,1363,360418,120693,8390437,1,1,French
M6RUMV5L,244412715,73005,58818,2757,253065,80920,4459178,1,1,English
F4B94CGE,244262295,168030,5370,1422,247236,44436,3133396,1,0,English
JM7GXF2O,243711495,19695,153252,12058,148183,148055,8767404,1,0,Russian
V7SST08C,243578730,148140,8181,1569,252717,144993,6752832,1,1,Portuguese
T6DQQO1Z,243465255,88965,11976,2602,485787,328149,8544093,1,0,Turkish
XQDUG56M,242833140,60855,9312,3968,359260,22629,3384340,1,0,English
PGNGX8SV,241616550,144480,8770,1537,86544,67207,8232442,1,1,Portuguese
J5O2I8OM,241615470,103230,15034,2247,475075,23971,5087052,1,0,English
GHYG5MQO,240834885,12285,31009,19681,634982,99726,3776042,1,1,English
D7EIIHK0,240663180,86235,8260,2762,251416,98720,3298202,1,0,Korean
6KMOI215,239018790,126915,5242,1851,117425,36301,3225407,1,1,English
W6M8Q66X,238993935,52905,23552,4219,331208,271798,6539837,1,0,Spanish
QZSJOZ3G,238217145,54870,16671,3964,416920,272263,6778234,1,0,French
8PH6AKXQ,237767160,82110,14376,2947,284620,69353,6608568,1,0,Spanish
FTN0299I,236707830,71685,21262,3173,312566,129119,5439874,1,1,German
0YR7US2A,236218920,28275,38412,8075,279864,56233,1901665,1,0,Korean
89T4O66R,235689105,364425,8210,644,105341,84754,7982996,1,0,Portuguese
AIG62AVI,235303170,51600,50598,3827,107484,105725,3460437,1,1,English
4KSIFS7S,235255500,84525,12652,2764,915023,-5405,4237993,1,0,English
GYY4B0D1,234726075,278745,40072,1414,305311,36130,5674624,1,0,English
FO5O3OLC,234307740,47010,15459,4415,395859,167356,5764214,1,0,Spanish
7NHV894X,234104805,78270,11287,3011,463188,95268,5973378,1,0,French
1KXRK3LK,234058290,207090,7016,1104,113658,22074,3489772,1,1,English
XYGETK27,233395950,92775,11975,2410,259338,32952,9883708,1,0,Chinese
XOVDHMY8,233210205,166260,6148,1333,126282,37207,2944974,1,1,English
TJNHZM6R,232815960,128580,18730,1668,240030,216977,5392597,1,0,English
3ONG0S2R,232224165,75030,32222,3302,285474,14351,7901792,1,0,Korean
99CJT43A,232140015,187335,14110,1022,665021,155419,5838039,1,1,German
99Q8BBPR,231985905,178470,7377,1268,312799,20933,3880798,1,0,English
XZP5HBGZ,231452460,107280,8855,2103,317125,254462,3295029,1,0,English
GWVG7MFV,231025755,170820,6721,1353,396862,66121,7798628,1,0,Thai
TYG2Z7U7,231011760,101175,13295,2230,253619,44926,3877237,1,1,English
J19ROMU0,230552955,123345,6289,1961,82289,51159,4148542,1,0,Greek
MRGQ2C5G,229805670,99600,37939,1659,234471,169229,8373012,1,0,Russian
SI3EH977,229762950,112875,11788,2012,84234,70619,6477747,1,0,Russian
3Z3MLU12,229749045,107070,10110,2178,431852,360592,6019198,1,0,English
OS9Z5JBB,229431480,122160,19884,1572,615027,71011,8647522,1,0,English
CK2WI90W,228640020,82620,151094,3310,250709,242229,6671227,1,0,Portuguese
Z4H48D77,228376905,184215,10739,1166,202779,59927,5384623,1,1,English
5QKCW8PX,228077640,15390,121009,13435,638657,629175,3651549,1,0,Spanish
5R3DQFHS,227675805,69030,11480,3337,319860,80730,5471250,1,0,French
DRFVN8HE,227479455,96375,16718,2227,309594,107558,5135340,1,0,German
4A6QK7MN,227458650,121575,9127,1816,293665,19904,3115313,1,0,English
OLNVNEA1,226473345,99480,25321,1959,518090,176007,5487693,1,1,English
0YNNOB3B,225939795,103740,21309,2146,237214,78399,5574448,1,0,English
C2P3E2OE,225401640,89955,30357,2318,611890,219104,5373229,1,1,English
P9FNMRXF,225243465,124275,12948,1786,448316,73137,6565757,1,0,French
XE3AMST4,224762820,141705,8886,1603,82578,37026,5801449,1,0,Korean
9BZDQRVB,222546390,91905,14940,2387,262104,146762,3176930,1,0,English
WXH2JNUK,222377040,94125,10985,2369,240835,90457,6606649,1,0,Korean
TL2CAEM5,222161730,116775,9497,1814,178477,109720,6632006,1,0,Czech
6PU6431B,221837100,52380,16441,3746,171113,84551,6944929,1,0,Russian
WO5R7FQR,221823735,181830,7196,1205,489174,6719,6891131,1,0,German
TAZB1IVC,220905615,202410,9605,780,205378,68292,9980766,1,0,Czech
VJ2CQ523,219998175,90750,7244,2318,149158,67954,3549865,1,0,Korean
7NNPM2NO,218888325,92805,8794,2256,214028,59213,5969221,1,0,Korean
RESTJ86K,218707740,34875,41994,5792,1015521,44907,3349456,1,0,English
SQA3WPT3,218576850,95655,12762,2317,283503,154360,5243404,1,1,English
EYWDYQO2,218509065,90150,17341,2441,1203324,255987,13908506,1,0,English
FCR5CRVZ,218415420,88485,12457,2104,251700,27110,2240586,1,0,English
9MP1CZIH,218318010,146295,21162,1347,295771,70693,8847646,1,0,English
TH7ZK92O,217833015,80190,7854,2683,53124,16505,3473483,1,0,Japanese
Q1SJG5VS,217475940,103995,8160,1749,114376,96707,4356099,1,0,Italian
EI0QF411,217343400,212205,4965,1087,70232,51251,2383295,1,0,English
ZLV59UKQ,216969405,72210,10010,2863,135446,25351,5298356,1,1,Russian
Z4XLBGF9,216951540,154035,9671,1412,118305,23620,8174656,1,0,Chinese
1VHJOH2Z,216792240,31455,74388,7522,828896,704583,2016920,1,0,English
NGI9LUUQ,216316170,101400,18963,2115,308927,208795,3406743,1,1,English
49PFDB8Y,216072855,18705,60846,10161,157820,48664,8333671,1,0,English
4HOSCP0K,215806260,122985,5118,1735,391603,74554,4581141,1,0,English
0O9262AM,215726910,209625,9676,1027,255595,29422,10284627,1,1,Finnish
OP3HXYNW,215233395,125865,7504,1647,76666,70939,2609837,1,0,English
FR3GH2CP,215122605,85890,17061,2185,597890,216436,6233611,1,0,French
N9EVE4HC,214699305,61455,24497,3678,988237,351530,4545514,1,0,French
9P3RR000,214504440,136845,7223,1486,264192,11101,3531376,1,1,English
328857OH,214130175,161985,5521,1284,102528,43426,7976244,1,1,Portuguese
U1WPUI1N,213819030,94875,19603,2239,272391,246417,4345817,1,0,French
BM5UFPNM,212541900,152955,5441,1389,200878,37641,6296155,1,0,Russian
DMAAUIFY,212449905,113040,11050,1828,285509,32753,3593487,1,1,English
V2Z6CBLZ,212318190,99525,42374,1816,1869993,790345,10477877,1,0,English
XM1YEJWT,212141310,46605,13137,4269,317896,209200,5351294,1,0,English
B2XC95MZ,212114490,81180,21617,2239,480299,261559,3260166,1,0,Portuguese
M953JX1Z,211617645,180060,5788,1119,111954,36095,3673955,1,0,French
C6U7YA7N,211307910,110010,14353,1865,57205,24674,63847323,1,0,Russian
885KOYKC,210899220,79170,27943,2095,412495,95629,7212835,1,0,German
92BOV2DV,209499930,30120,97550,6524,584831,457635,12694726,1,0,English
8KKWIWUT,208564530,152235,14561,898,251812,136198,6742783,1,0,Polish
MY78TKGX,208060515,20445,48072,8673,810622,758797,4893535,1,1,Spanish
ZDXYYY7B,207938580,145050,8212,978,180668,111145,9000160,1,0,Czech
8HI213EX,207560115,82035,32856,1603,66198,49745,20337169,1,0,English
UBIA49H3,206694345,176910,8554,1105,140855,30883,7225371,1,0,English
JQV2R7GP,206487075,139725,7471,1466,167132,98846,5571500,1,0,Turkish
F235R32V,206446935,75975,20851,2688,410814,85526,9512134,1,1,Hungarian
E239S4CF,206255820,137250,11247,1443,489577,167548,4236933,1,0,French
7KTLU0DE,205792560,42570,17697,2612,252042,232876,3312084,0,0,Russian
B7ARKA1N,205792050,76080,5358,2675,92634,36010,2200922,1,1,English
6YTBTGMJ,205748130,79215,15654,2597,193757,115990,5979215,1,0,Korean
ORVNFBT8,205746015,486000,1182,422,91608,30397,2424188,1,0,English
ZN1R7WM2,205442370,134205,7262,1407,255840,207722,3017013,1,0,Italian
Q4M98H20,205225605,179595,9938,1139,142209,50675,4794915,1,0,Korean
X02VDCSM,205017270,135510,4049,1503,127741,46398,4548052,1,1,English
0M003P24,204889125,92370,8980,2184,617665,436741,4364008,1,0,Italian
USAP8UAH,204440715,94455,41881,1728,146163,103762,3425022,1,1,English
H5AQNULK,204330900,26010,28736,5295,574927,282648,4449212,1,0,English
HS2DCC3D,204116820,48420,24167,4455,1259972,372220,5349508,1,0,German
GAADT0HR,204029970,125325,7143,1559,206794,108366,7584329,1,0,Korean
LK7YLRW6,203908095,73110,13675,2779,221461,159519,5075885,1,0,English
3NCUU26U,203854050,129375,6781,1502,220789,120204,8936320,1,0,Russian
XR2AXFYD,203117655,161025,4911,1243,233263,66490,9831952,1,1,Russian
SAAWTLC3,203102445,37305,15223,5459,857099,409932,2378245,1,0,Arabic
IQ430KYT,202858185,144150,7176,1343,473157,6267,2534023,1,0,English
CGBWV0J6,202842615,140325,24391,1403,328671,53694,3077795,1,1,English
FNGY7TES,202635300,126900,8509,1586,107476,36955,4997073,1,0,German
HJWDWANQ,202591425,62925,24611,2991,527540,292543,5158370,1,0,English
FJCT6C3O,202487955,131190,16413,1543,50286,49439,2485867,1,0,English
XXWNG6EX,201823125,93360,14072,2149,238155,127444,2037389,1,0,English
Z8XVK7VL,201233880,162660,7245,1205,65688,33141,3760730,1,1,English
S00PC8OK,200582400,121635,5446,1608,71327,9005,1563033,1,0,English
NR619364,200552295,71070,26329,2714,923377,417223,7000112,1,0,Spanish
IA3IGSWW,200256675,90720,16461,2039,212578,150452,4001304,1,0,French
8RNYIIAJ,199960005,122025,6411,1589,147351,63332,4789098,1,0,Korean
8PM1IDEU,199829100,48375,44526,4111,955846,454965,10940319,1,0,Portuguese
XCYVNT3A,199826220,163650,19156,1208,408958,5162,1645770,1,0,English
19UOCZF7,199821495,107715,24734,1933,112874,41935,16923320,1,0,Italian
YRZE7UCO,199501650,496545,12609,402,630255,10659,2800864,1,0,English
YZL7PQ8W,198252765,133800,14532,1377,377689,361206,6222094,1,1,Spanish
K0HFVI7W,198083340,12015,130795,9190,1189614,223168,46395022,1,0,English
7P6W734S,197315655,183630,31836,1037,469944,225963,7453572,1,0,Portuguese
HU8LLWP2,196743645,104280,9459,1670,76777,31905,3970743,1,0,English
W4J1B9OZ,196585155,142260,5451,1402,85764,11733,5114165,1,0,Korean
J7OPOYES,195943620,145845,9545,1323,267984,25721,6142647,1,0,Polish
9K0U4MNS,195800370,138300,6728,1374,281664,139915,3975842,1,0,English
X3BOGIXO,195525465,207555,21283,937,205002,23506,4415937,1,0,English
V2A35WNC,195448335,81270,18813,2181,315264,22874,2409670,1,0,German
T5AZA9F0,195398655,34620,12707,5401,131484,22369,4197860,1,0,Chinese
ZMRI64D7,195344370,92445,14928,2045,1041932,631422,2776587,1,0,English
Y8W6LN9E,195270330,129525,16860,1401,195405,153300,5913454,1,0,Korean
4PI81JUS,194961090,106335,23519,1008,308459,146451,8091070,1,0,English
MWCP3431,194376465,17865,26754,10170,479368,270611,6373471,1,0,English
T7ZC6V8W,194262165,134895,9918,1373,165232,25466,6005834,1,1,Chinese
ETO7ZQPU,194074230,181755,15588,971,183885,33462,3380440,1,0,English
YMQVLFPS,193912155,130140,13013,1475,184033,111498,2871081,1,0,English
5FLIAQJB,193867860,44970,21313,4440,743040,370683,5338943,1,1,Spanish
5C7XU1CJ,193573740,61095,19304,2712,279204,186655,6462906,1,1,Spanish
IUGJWBFF,193460805,188205,33902,992,777611,136800,6183865,1,0,English
8T7Y92OZ,192609885,83400,22306,1828,269408,97678,7444967,1,0,German
D3T2MTOR,192428310,129945,14684,1363,122694,75228,9240202,1,0,Thai
UP2I058Q,191523465,110835,9408,1659,318995,57504,6445684,1,0,French
O6WIPMAM,190448565,157200,7683,1213,105730,29332,5099767,1,0,Korean
W71YXHBO,189890160,131490,4279,1416,110211,45168,4298260,1,0,German
M2EZA6TR,189756300,41400,27188,4215,858427,588461,16598800,1,0,English
0URBMNW5,189206565,40125,15223,4445,393432,102753,2303521,1,0,English
PK6339ZJ,189081300,171270,7264,1052,73584,41176,6381664,1,1,Thai
GSD95S5C,188764350,84855,7721,2061,116897,64239,5857325,1,0,Russian
ZJIV7YPM,188750280,112095,11305,1671,521166,95126,7822019,1,0,Turkish
AYK6GMU6,187722975,77730,9142,2296,559877,138621,14210392,1,0,Russian
YCSYWPM4,187658970,165585,9514,1111,189654,124100,3079327,1,0,English
YG87C3UJ,187497450,63360,9616,2900,1368076,214775,5846971,1,1,English
6YCLBQMM,187099860,94590,19032,1820,202883,30738,7464390,1,0,Russian
Y97EBT98,187019640,133125,18421,1236,86590,42213,52155951,1,0,Italian
YTXDMWLQ,186800430,500010,16604,375,93358,51098,13863239,1,0,English
EU2KKFVH,186597300,102870,23238,2004,179552,99162,4766495,1,0,Thai
TYQXZ4L3,186562710,141675,13091,1317,150944,25995,4702541,1,1,German
A333N1EO,186060390,90495,14020,2092,336093,20006,2855592,1,0,English
YLR0EDX7,185982570,78165,45364,2090,220873,167386,6466352,1,0,French
KSE7OTJY,185905980,96300,37216,1917,583881,107350,8679867,1,0,English
RPDRQPFX,185795730,108075,4859,1715,91514,14734,3333965,1,0,Russian
BKH29U51,185394810,143400,5988,1291,265814,11832,2355559,1,1,English
GKJQ4SW4,184820460,181335,10962,987,124020,7942,4878552,1,0,English
3J1WUQVL,184233300,95055,6607,1879,706212,66637,2451110,1,0,English
S66URBJK,183066645,379680,3181,479,187315,8680,3569807,1,0,French
2QKFMY2X,182390235,99870,7302,1768,357385,276765,6668409,1,0,French
D6SV1B0L,182358345,70665,7707,2452,775987,241309,5240516,1,1,English
23406C4Z,182309400,79620,10549,2023,346631,124060,5444952,1,0,Korean
3FTYIQIS,181929585,101730,5955,1788,149362,25034,2795325,1,1,Portuguese
OTZB0HEK,181908120,188445,4363,913,864087,-15772,6370949,1,0,English
XVLOVKX4,181729410,307005,2757,636,168531,36988,4795414,1,0,Italian
FFAVINXW,181431360,77085,97791,1534,521938,24798,5491154,1,0,English
76EVB817,181252125,23850,84858,5684,348447,20205,12878708,1,0,English
AQN37LM2,181075290,71400,82047,2122,530822,89739,4566171,1,1,English
SYR9WY11,180978855,115455,10771,1357,194933,176218,3381154,1,0,French
L945U6UA,180850230,27765,48457,5300,126546,124653,36484452,1,0,English
SJZ7UPHB,180674100,128385,4498,1349,39485,29698,2460689,1,0,Korean
PN3X0JV9,180360300,130365,10087,1313,141167,52606,7004305,1,0,Korean
39Z1LYGD,180166830,141225,15588,1250,154845,145102,3924344,1,0,English
RQWCH15T,179939730,107295,94791,1029,111646,89879,2471382,1,1,English
N2HW1LDE,179880525,16155,42822,8383,71730,44766,2700751,1,0,Japanese
WM8LHIY4,179581950,17235,28866,10173,726730,274734,5141210,1,0,French
NQME56XG,179262330,9555,48358,18906,1874932,1874846,5835029,1,0,Spanish
4UNCWMGM,179083095,154965,72483,1288,80290,54112,4978021,1,1,English
SJKZ8PT7,178945815,29625,53702,5300,373484,360874,2863254,1,0,Portuguese
H0P3HPQY,178729455,38625,33059,2913,576276,257474,6685553,1,0,Turkish
KL1NSAP1,178727670,96000,8810,1802,107835,77142,3657348,1,1,French
STOF6EV9,178718460,127155,16215,1394,306435,288200,5304936,1,1,English
6V6JF1U6,178563045,76065,11245,2061,220585,130719,5057048,1,0,Portuguese
7J6X0TQH,178537155,145605,3702,1183,42265,19448,2779740,1,1,French
YNAMVF0Y,178419030,149040,29228,1127,28818,11998,1450208,1,1,English
N21HEECT,178245645,67560,45247,2504,336394,116757,7152158,1,0,English
GZ33J80K,177947595,42825,40407,4015,297359,250536,1623230,1,1,English
DSDUTT2Z,177800325,151170,15167,1133,237909,29301,3248586,1,0,English
G1ZTM1O0,177746055,23835,36258,7414,651994,49244,9998277,1,0,Turkish
BMJHXA6A,177510525,182775,12292,910,391656,137135,7336811,1,0,Russian
0Z7ABY6G,177159195,155340,4092,1105,130341,41353,6201998,1,1,English
PYGZNLKD,176608230,96615,7809,1793,386948,65268,13183429,1,0,Russian
QJ46N0KA,176072760,62175,13955,2419,223756,87872,5222867,1,0,Spanish
5O61TBHI,176005440,96870,21401,1569,256448,138235,1947938,1,0,English
POW1E74I,175255470,92970,21815,1824,185784,81726,2995202,1,0,German
CSHEUK5I,175236000,77505,16695,2124,329065,234216,6831650,1,1,French
WXMH02PR,174842160,115200,11405,1500,357844,56356,4198030,1,0,English
ZHT71JPN,174824130,133410,5928,1279,579629,34334,3081725,1,0,English
K4ILPTM4,174228915,102900,5425,1711,38410,31257,1353428,1,0,English
A9Z32JEX,174087030,136065,6144,1248,215304,73181,5543661,1,0,Korean
ELSRVMWZ,173823135,228765,4497,735,172386,60031,2219053,1,1,English
EI9XEUOZ,173779995,28245,48495,4264,143535,42942,67586924,1,0,English
PUW1DDLF,173672880,35970,20110,4473,318230,78529,5635774,1,0,Russian
M1BJIHRF,173627565,87210,7220,1929,100852,22524,3970603,1,0,Russian
X4SW05X8,173607810,52005,21759,3082,327888,269085,5048873,1,0,Spanish
9MA3IGSH,173484990,365670,6981,465,173713,87295,5330221,1,1,Portuguese
PO5QREN4,173443275,103830,3946,1706,136885,31088,5014047,1,0,Russian
QV3TCUNO,173015430,96045,5698,1669,183891,22221,5266599,1,0,Korean
BXFTYU87,172499415,111105,7165,1544,414577,173024,5627155,1,0,Spanish
BADYFMGR,172316145,78030,16093,2027,320629,103800,2778565,1,0,German
JR3CPJ7V,172086390,186960,6159,939,184078,13710,115312954,1,0,Russian
7Q91LYVM,171822405,93345,8309,1697,94929,21267,4016790,1,0,German
VIY7UR19,171602475,35805,11861,4538,148702,20433,5691145,1,1,Chinese
J64KGWK6,171293220,131565,11193,1255,356683,158473,10528149,1,0,Turkish
H005CQJ5,171223080,36000,8874,4576,151788,80190,1637792,1,0,French
CXSCBQ85,171115545,90345,6217,1876,185684,46791,6693148,1,0,Korean
O5PPEXNP,171013470,89805,6450,1713,156597,45047,5117439,1,0,English
L1IL3J45,170464680,133110,13179,1264,292558,44449,7127552,1,0,English
SOEI0AQS,170116395,21420,38592,6469,740343,665323,3744461,1,1,Spanish
Z9BRR46G,169885590,141525,5827,1176,428553,221153,4537952,1,0,Italian
GKDOT42L,169858440,159135,8448,996,121984,22377,3448935,1,0,English
VIP8VFKW,169501845,105630,20179,1397,1677690,61126,5125402,1,0,English
CM9U018F,169456620,153855,4958,1081,74404,45202,2807619,1,1,Portuguese
GFV2FZ3L,169365870,92055,8063,1885,250786,115028,2168664,1,1,English
GRHKZ2U7,169215480,153525,8535,1096,116653,106957,4182011,1,1,English
FMVCN8NH,169026750,112095,6765,1475,255944,23213,5862326,1,0,Russian
0WM6UXSW,168943005,70650,5041,2338,101359,22193,7610128,1,0,English
K8UCBEOG,168861240,30600,16622,5485,302419,126399,2668187,1,0,English
IZMIXIGX,168832200,38685,20354,4259,861594,308499,3736356,1,0,English
B3LDBHNX,168767490,108690,9137,1466,205041,52071,3755880,1,0,Korean
0DVERM02,168736395,130215,7853,1259,94820,27795,2313340,1,1,English
16FV7L55,168416325,76140,10656,2210,415795,150813,6013389,1,0,Korean
0PB8QHJW,168339975,57105,37980,2399,204348,146852,5349362,1,0,Spanish
HCX0WKXK,167898480,11055,51989,15483,2137521,126150,2268382,1,0,English
S4GEW1G3,167875230,153960,22641,1076,127151,74509,2149900,1,1,English
VC5T5SL8,167774640,182925,4994,908,235167,19566,3055373,1,0,English
AXVJKMMA,167534355,115560,9531,1432,309300,18289,3880016,1,1,English
TMY4K8XO,167325930,32790,24573,4103,622358,281667,5508199,1,0,Turkish
N0HP9Y5T,167309220,111240,8580,1475,266853,147449,2220313,1,1,English
4T23NJM6,167186250,188805,2008,879,37162,10214,3006979,1,0,Korean
CO28LFH7,166892040,153345,3622,1064,79204,39363,2852825,1,0,English
RO62T6WU,166850715,35445,15476,4663,547154,465321,2419659,1,0,Spanish
ND43EANX,166587645,142350,8098,1150,165906,6207,1614843,1,1,English
XR9USTMB,166422960,172080,13675,909,312280,298759,3022408,1,0,Italian
NUP41PYP,166352115,96720,11518,1821,255156,218287,2695198,1,0,English
B1YWRTKK,165590085,120435,11693,1333,103636,48833,5069397,1,0,English
P3PDZXN0,165536760,133530,9738,1237,147542,76656,3954958,1,0,French
LCPG12ZL,165015915,64650,7592,2488,260119,26670,6966348,1,0,Chinese
7WR29CMT,164981160,111600,8103,1534,57634,11867,3983662,1,0,Chinese
6OKF7DP5,164759730,58395,6577,2809,287063,60041,2147906,1,1,English
L1FJF1TJ,164673495,47430,26738,3449,195423,97696,3424139,1,0,Korean
X5F9ULNR,163736505,121335,12709,1332,375646,27173,3970888,1,1,English
UCU6TJK3,163669320,147990,7172,1118,260125,140806,3739750,1,0,Polish
O31JYED0,163589370,519675,14261,313,788684,22331,4084222,1,0,English
CQ6Z7W60,163381335,36540,52558,4365,706537,614383,6210317,1,0,Spanish
88C825VS,163307010,89910,5792,1886,88697,33306,6092699,1,0,English
NLZDCBU3,163208925,37110,27040,4293,117084,55445,8254877,1,0,Thai
VFUVD4J0,163132800,40950,37187,4586,186208,71514,5283711,1,0,Spanish
FRUDQ0JK,162887760,150555,7268,974,141898,92033,3786059,1,1,Portuguese
TO9WS056,162817050,61770,18091,2431,442412,236558,6156791,1,1,Spanish
W0T6VL3K,162738420,107700,7132,1481,470873,190155,5465173,1,0,Spanish
HT4PAJZN,162723510,108540,13314,1383,137885,62796,2964244,1,0,English
IYMHPLFV,162714930,99345,37236,1586,621921,65910,10222790,1,0,English
FPVF2GK3,162618315,181665,14160,925,380488,155158,3906784,1,0,English
VVYGWYVF,162559230,82470,10391,2028,244207,88737,2352357,1,0,English
WBIRYXLG,162510660,514845,1874,314,3660,1328,4001475,1,0,Thai
UGN6J0IE,162232935,36165,116245,5305,727059,492841,2041776,1,0,Arabic
U3SOEEIW,162138405,85785,7169,1727,813371,24644,2326058,1,1,English
UHZO0QJF,161818335,51600,26715,3006,347824,332931,8549523,1,0,Russian
1AVVYNIZ,161489220,137880,14550,1023,160000,120954,2372907,1,1,English
Z1V8ESI0,161468685,69315,13639,2177,76050,59909,10310607,1,0,English
XT33K9XH,161371665,140535,4282,1115,108382,74892,5389852,1,0,Korean
4W3JG1WK,161208750,51015,17394,3141,284563,166114,7887006,1,0,Turkish
8R1H27Z7,161185890,103950,12430,1312,153870,21706,3152805,1,1,English
THV4P9HI,160672260,85545,10888,1812,868738,188163,4991368,1,0,Portuguese
2UY6YL3Z,160163880,94005,30706,1638,352412,122225,5107789,1,0,Korean
UAUSDF49,159875505,161010,6899,971,244133,40087,7067999,1,1,Thai
9QHD1QM0,159761910,121005,7289,1186,169330,147217,2431075,1,0,English
MLVBIA74,159655155,107910,18686,1388,90359,35096,3279762,1,1,English
CEUZ1M8L,159647175,104955,126254,796,178612,137968,4834852,1,0,Portuguese
68BFPT0G,159557775,104955,14634,1681,165439,67444,6694660,1,0,Spanish
1NZFFLB5,159505395,49125,19262,2997,795869,122263,4572893,1,1,English
32IQRNQ6,159449055,19995,57179,5697,241924,72319,5152605,1,0,English
FRI0Y32K,159172080,127740,4681,1233,701822,49134,5210466,1,0,English
QR506EOF,159140235,32865,35922,4647,733628,78929,4783744,1,0,English
OWT2KE95,159071145,113595,5152,1263,170181,23267,2546439,1,1,English
0M95TOCC,158999070,138300,11338,1123,1474090,111,3724340,1,1,English
UDRBGTJW,158995065,56820,9611,2638,310100,233686,3178181,1,0,French
0KYZIQ0X,158951265,87330,11217,1630,391413,322355,4835861,1,0,Spanish
HSM9I386,158035530,169260,6210,897,199618,106749,2723926,1,0,English
K8MPKHY1,157882170,86745,9203,1748,405554,202294,11207571,1,1,English
V50ZGPSY,157852620,89715,11279,1692,144116,77889,3731059,1,0,Korean
O29LFRYT,157847640,57690,15241,1790,375911,32463,10361325,1,0,English
AVUYHW6M,157325925,154635,12676,955,732192,22714,3579571,1,1,English
OWW9T214,156901800,125115,7659,1205,183900,57927,4585217,1,0,Italian
ZT52AZLP,156821940,53835,23081,2256,71596,31807,8056327,1,0,French
TI1YVDAY,156544635,112755,10809,1400,57130,18133,3877756,1,0,Korean
TJMJCB84,156236730,94545,6300,1541,222796,51862,4273193,1,1,Russian
QU04QURY,156211005,119040,3915,1302,77861,25730,5576914,1,0,Korean
SZY7ZEY1,156004485,25140,141406,6728,143916,143806,3300371,1,0,English
JYBDDFFR,155731920,57600,21594,2690,972070,510063,7927278,1,1,English
RRKUN26U,155593140,124095,7777,1169,102225,65702,175788,1,0,English
M3VVKDII,155187570,57120,19298,2647,179420,132867,4071398,1,0,Italian
H4RDC7MS,154982550,87945,7136,1711,245715,122045,3621969,1,1,Portuguese
3OR62HLN,154727730,94275,6213,1605,114154,32991,3059244,1,0,Spanish
Y7UCJJTF,154595850,85635,8533,1777,120494,28322,3446723,1,0,Spanish
YTHUY3VF,154524165,117735,7416,1216,199617,23303,2812219,1,0,English
